[
  {
    "name": "theme_info",
    "theme_name": "JG Theme",
    "theme_version": "2.0.0",
    "theme_author": "Crista Leonard",
    "theme_documentation_url": "https://github.com/Shopify/themekit",
    "theme_support_url": "https://github.com/Shopify/themekit/issues"
  },
  {
   "name": "Currency",
   "settings": [
     {
       "type": "paragraph",
       "content": "To offer multiple currencies on your online store, you must first [edit your store's currency formatting]({{ site.url }}/manual/using-themes/change-the-layout/help-script-find-money-formats)."
     },
     {
       "type": "checkbox",
       "id": "show_multiple_currencies",
       "label": "Enable currency conversion",
       "default": true,
       "info": "Even though prices are displayed in different currencies, orders will still be processed in your store's currency."
     },
     {
       "type": "select",
       "id": "currency_format",
       "label": "Format",
       "options": [
         {
           "value": "money_format",
           "label": "Without currency ($10.00)"
         },
         {
           "value": "money_with_currency_format",
           "label": "With currency ($10.00 USD)"
         }
       ],
       "default": "money_with_currency_format"
     },
     {
       "type": "text",
       "id": "supported_currencies",
       "label": "Supported currencies",
       "default": "INR GBP CAD USD AUD EUR JPY KRW",
       "info": "Use the country's ISO [currency code](http://www.xe.com/iso4217.php). Separate your currency codes with a space."
     },
     {
       "type": "text",
       "id": "default_currency",
       "label": "Default currency",
       "default": "USD"
     }
   ]
 },
 {
   "name": "Social Media",
   "settings": [
     {
       "type": "header",
       "content": "t:settings_schema.social-media.settings.header__1.content"
     },
     {
       "type": "checkbox",
       "id": "share_facebook",
       "default": true,
       "label": "t:settings_schema.social-media.settings.share_facebook.label"
     },
     {
       "type": "checkbox",
       "id": "share_twitter",
       "default": true,
       "label": "t:settings_schema.social-media.settings.share_twitter.label"
     },
     {
       "type": "checkbox",
       "id": "share_pinterest",
       "default": true,
       "label": "t:settings_schema.social-media.settings.share_pinterest.label"
     },
     {
       "type": "header",
       "content": "t:settings_schema.social-media.settings.header__2.content"
     },
     {
       "type": "text",
       "id": "social_twitter_link",
       "label": "t:settings_schema.social-media.settings.social_twitter_link.label",
       "info": "t:settings_schema.social-media.settings.social_twitter_link.info"
     },
     {
       "type": "text",
       "id": "social_facebook_link",
       "label": "t:settings_schema.social-media.settings.social_facebook_link.label",
       "info": "t:settings_schema.social-media.settings.social_facebook_link.info"
     },
     {
       "type": "text",
       "id": "social_pinterest_link",
       "label": "t:settings_schema.social-media.settings.social_pinterest_link.label",
       "info": "t:settings_schema.social-media.settings.social_pinterest_link.info"
     },
     {
       "type": "text",
       "id": "social_instagram_link",
       "label": "t:settings_schema.social-media.settings.social_instagram_link.label",
       "info": "t:settings_schema.social-media.settings.social_instagram_link.info"
     },
     {
       "type": "text",
       "id": "social_tiktok_link",
       "label": "t:settings_schema.social-media.settings.social_tiktok_link.label",
       "info": "t:settings_schema.social-media.settings.social_tiktok_link.info"
     },
     {
       "type": "text",
       "id": "social_tumblr_link",
       "label": "t:settings_schema.social-media.settings.social_tumblr_link.label",
       "info": "t:settings_schema.social-media.settings.social_tumblr_link.info"
     },
     {
       "type": "text",
       "id": "social_snapchat_link",
       "label": "t:settings_schema.social-media.settings.social_snapchat_link.label",
       "info": "t:settings_schema.social-media.settings.social_snapchat_link.info"
     },
     {
       "type": "text",
       "id": "social_youtube_link",
       "label": "t:settings_schema.social-media.settings.social_youtube_link.label",
       "info": "t:settings_schema.social-media.settings.social_youtube_link.info"
     },
     {
       "type": "text",
       "id": "social_twitch_link",
       "label": "t:settings_schema.social-media.settings.social_twitch_link.label",
       "info": "t:settings_schema.social-media.settings.social_twitch_link.info"
     },
     {
       "type": "text",
       "id": "social_vimeo_link",
       "label": "t:settings_schema.social-media.settings.social_vimeo_link.label",
       "info": "t:settings_schema.social-media.settings.social_vimeo_link.info"
     }
   ]
 },
 {
   "name": "Favicon",
   "settings": [
     {
       "type": "image_picker",
       "id": "favicon",
       "label": "t:settings_schema.favicon.settings.favicon.label",
       "info": "t:settings_schema.favicon.settings.favicon.info"
     }
   ]
 }
]
